[
    {
        "timestamp": "2026-01-12 12:50:34",
        "input": {
            "temperature": 25,
            "humidity": 50,
            "hour": 20,
            "season": 1,
            "weather": 1
        },
        "prediction": 67
    },
    {
        "timestamp": "2026-01-12 12:40:34",
        "input": {
            "temperature": 25,
            "humidity": 50,
            "hour": 5,
            "season": 1,
            "weather": 1
        },
        "prediction": 77
    },
    {
        "timestamp": "2026-01-12 12:30:34",
        "input": {
            "temperature": 25,
            "humidity": 50,
            "hour": 22,
            "season": 1,
            "weather": 1
        },
        "prediction": 78
    },
    {
        "timestamp": "2026-01-12 12:20:34",
        "input": {
            "temperature": 25,
            "humidity": 50,
            "hour": 11,
            "season": 1,
            "weather": 1
        },
        "prediction": 196
    },
    {
        "timestamp": "2026-01-12 12:10:34",
        "input": {
            "temperature": 25,
            "humidity": 50,
            "hour": 22,
            "season": 1,
            "weather": 1
        },
        "prediction": 96
    },
    {
        "timestamp": "2026-01-12 12:00:34",
        "input": {
            "temperature": 25,
            "humidity": 50,
            "hour": 12,
            "season": 1,
            "weather": 1
        },
        "prediction": 183
    },
    {
        "timestamp": "2026-01-12 11:50:34",
        "input": {
            "temperature": 25,
            "humidity": 50,
            "hour": 11,
            "season": 1,
            "weather": 1
        },
        "prediction": 136
    },
    {
        "timestamp": "2026-01-12 11:40:34",
        "input": {
            "temperature": 25,
            "humidity": 50,
            "hour": 10,
            "season": 1,
            "weather": 1
        },
        "prediction": 152
    },
    {
        "timestamp": "2026-01-12 11:30:34",
        "input": {
            "temperature": 25,
            "humidity": 50,
            "hour": 7,
            "season": 1,
            "weather": 1
        },
        "prediction": 83
    },
    {
        "timestamp": "2026-01-12 11:20:34",
        "input": {
            "temperature": 25,
            "humidity": 50,
            "hour": 20,
            "season": 1,
            "weather": 1
        },
        "prediction": 30
    },
    {
        "timestamp": "2026-01-12 11:10:34",
        "input": {
            "temperature": 25,
            "humidity": 50,
            "hour": 4,
            "season": 1,
            "weather": 1
        },
        "prediction": 59
    },
    {
        "timestamp": "2026-01-12 11:00:34",
        "input": {
            "temperature": 25,
            "humidity": 50,
            "hour": 17,
            "season": 1,
            "weather": 1
        },
        "prediction": 259
    },
    {
        "timestamp": "2026-01-12 10:50:34",
        "input": {
            "temperature": 25,
            "humidity": 50,
            "hour": 0,
            "season": 1,
            "weather": 1
        },
        "prediction": 67
    },
    {
        "timestamp": "2026-01-12 10:40:34",
        "input": {
            "temperature": 25,
            "humidity": 50,
            "hour": 7,
            "season": 1,
            "weather": 1
        },
        "prediction": 96
    },
    {
        "timestamp": "2026-01-12 10:30:34",
        "input": {
            "temperature": 25,
            "humidity": 50,
            "hour": 0,
            "season": 1,
            "weather": 1
        },
        "prediction": 73
    },
    {
        "timestamp": "2026-01-12 10:20:34",
        "input": {
            "temperature": 25,
            "humidity": 50,
            "hour": 22,
            "season": 1,
            "weather": 1
        },
        "prediction": 72
    },
    {
        "timestamp": "2026-01-12 10:10:34",
        "input": {
            "temperature": 25,
            "humidity": 50,
            "hour": 14,
            "season": 1,
            "weather": 1
        },
        "prediction": 140
    },
    {
        "timestamp": "2026-01-12 10:00:34",
        "input": {
            "temperature": 25,
            "humidity": 50,
            "hour": 16,
            "season": 1,
            "weather": 1
        },
        "prediction": 142
    },
    {
        "timestamp": "2026-01-12 09:50:34",
        "input": {
            "temperature": 25,
            "humidity": 50,
            "hour": 20,
            "season": 1,
            "weather": 1
        },
        "prediction": 42
    },
    {
        "timestamp": "2026-01-12 09:40:34",
        "input": {
            "temperature": 25,
            "humidity": 50,
            "hour": 15,
            "season": 1,
            "weather": 1
        },
        "prediction": 159
    },
    {
        "timestamp": "2026-01-12 09:30:34",
        "input": {
            "temperature": 25,
            "humidity": 50,
            "hour": 5,
            "season": 1,
            "weather": 1
        },
        "prediction": 82
    },
    {
        "timestamp": "2026-01-12 09:20:34",
        "input": {
            "temperature": 25,
            "humidity": 50,
            "hour": 19,
            "season": 1,
            "weather": 1
        },
        "prediction": 168
    },
    {
        "timestamp": "2026-01-12 09:10:34",
        "input": {
            "temperature": 25,
            "humidity": 50,
            "hour": 10,
            "season": 1,
            "weather": 1
        },
        "prediction": 164
    },
    {
        "timestamp": "2026-01-12 09:00:34",
        "input": {
            "temperature": 25,
            "humidity": 50,
            "hour": 7,
            "season": 1,
            "weather": 1
        },
        "prediction": 76
    },
    {
        "timestamp": "2026-01-12 08:50:34",
        "input": {
            "temperature": 25,
            "humidity": 50,
            "hour": 0,
            "season": 1,
            "weather": 1
        },
        "prediction": 39
    },
    {
        "timestamp": "2026-01-12 08:40:34",
        "input": {
            "temperature": 25,
            "humidity": 50,
            "hour": 14,
            "season": 1,
            "weather": 1
        },
        "prediction": 153
    },
    {
        "timestamp": "2026-01-12 08:30:34",
        "input": {
            "temperature": 25,
            "humidity": 50,
            "hour": 19,
            "season": 1,
            "weather": 1
        },
        "prediction": 168
    },
    {
        "timestamp": "2026-01-12 08:20:34",
        "input": {
            "temperature": 25,
            "humidity": 50,
            "hour": 22,
            "season": 1,
            "weather": 1
        },
        "prediction": 40
    },
    {
        "timestamp": "2026-01-12 08:10:34",
        "input": {
            "temperature": 25,
            "humidity": 50,
            "hour": 7,
            "season": 1,
            "weather": 1
        },
        "prediction": 46
    },
    {
        "timestamp": "2026-01-12 08:00:34",
        "input": {
            "temperature": 25,
            "humidity": 50,
            "hour": 3,
            "season": 1,
            "weather": 1
        },
        "prediction": 78
    },
    {
        "timestamp": "2026-01-12 07:50:34",
        "input": {
            "temperature": 25,
            "humidity": 50,
            "hour": 3,
            "season": 1,
            "weather": 1
        },
        "prediction": 85
    },
    {
        "timestamp": "2026-01-12 07:40:34",
        "input": {
            "temperature": 25,
            "humidity": 50,
            "hour": 5,
            "season": 1,
            "weather": 1
        },
        "prediction": 63
    },
    {
        "timestamp": "2026-01-12 07:30:34",
        "input": {
            "temperature": 25,
            "humidity": 50,
            "hour": 15,
            "season": 1,
            "weather": 1
        },
        "prediction": 165
    },
    {
        "timestamp": "2026-01-12 07:20:34",
        "input": {
            "temperature": 25,
            "humidity": 50,
            "hour": 20,
            "season": 1,
            "weather": 1
        },
        "prediction": 38
    },
    {
        "timestamp": "2026-01-12 07:10:34",
        "input": {
            "temperature": 25,
            "humidity": 50,
            "hour": 6,
            "season": 1,
            "weather": 1
        },
        "prediction": 98
    },
    {
        "timestamp": "2026-01-12 07:00:34",
        "input": {
            "temperature": 25,
            "humidity": 50,
            "hour": 2,
            "season": 1,
            "weather": 1
        },
        "prediction": 45
    },
    {
        "timestamp": "2026-01-12 06:50:34",
        "input": {
            "temperature": 25,
            "humidity": 50,
            "hour": 4,
            "season": 1,
            "weather": 1
        },
        "prediction": 89
    },
    {
        "timestamp": "2026-01-12 06:40:34",
        "input": {
            "temperature": 25,
            "humidity": 50,
            "hour": 12,
            "season": 1,
            "weather": 1
        },
        "prediction": 139
    },
    {
        "timestamp": "2026-01-12 06:30:34",
        "input": {
            "temperature": 25,
            "humidity": 50,
            "hour": 12,
            "season": 1,
            "weather": 1
        },
        "prediction": 151
    },
    {
        "timestamp": "2026-01-12 06:20:34",
        "input": {
            "temperature": 25,
            "humidity": 50,
            "hour": 14,
            "season": 1,
            "weather": 1
        },
        "prediction": 146
    },
    {
        "timestamp": "2026-01-12 06:10:34",
        "input": {
            "temperature": 25,
            "humidity": 50,
            "hour": 7,
            "season": 1,
            "weather": 1
        },
        "prediction": 44
    },
    {
        "timestamp": "2026-01-12 06:00:34",
        "input": {
            "temperature": 25,
            "humidity": 50,
            "hour": 23,
            "season": 1,
            "weather": 1
        },
        "prediction": 86
    },
    {
        "timestamp": "2026-01-12 05:50:34",
        "input": {
            "temperature": 25,
            "humidity": 50,
            "hour": 20,
            "season": 1,
            "weather": 1
        },
        "prediction": 36
    },
    {
        "timestamp": "2026-01-12 05:40:34",
        "input": {
            "temperature": 25,
            "humidity": 50,
            "hour": 18,
            "season": 1,
            "weather": 1
        },
        "prediction": 263
    },
    {
        "timestamp": "2026-01-12 05:30:34",
        "input": {
            "temperature": 25,
            "humidity": 50,
            "hour": 22,
            "season": 1,
            "weather": 1
        },
        "prediction": 46
    },
    {
        "timestamp": "2026-01-12 05:20:34",
        "input": {
            "temperature": 25,
            "humidity": 50,
            "hour": 21,
            "season": 1,
            "weather": 1
        },
        "prediction": 71
    },
    {
        "timestamp": "2026-01-12 05:10:34",
        "input": {
            "temperature": 25,
            "humidity": 50,
            "hour": 23,
            "season": 1,
            "weather": 1
        },
        "prediction": 43
    },
    {
        "timestamp": "2026-01-12 05:00:34",
        "input": {
            "temperature": 25,
            "humidity": 50,
            "hour": 9,
            "season": 1,
            "weather": 1
        },
        "prediction": 154
    },
    {
        "timestamp": "2026-01-12 04:50:34",
        "input": {
            "temperature": 25,
            "humidity": 50,
            "hour": 12,
            "season": 1,
            "weather": 1
        },
        "prediction": 142
    },
    {
        "timestamp": "2026-01-12 04:40:34",
        "input": {
            "temperature": 25,
            "humidity": 50,
            "hour": 11,
            "season": 1,
            "weather": 1
        },
        "prediction": 161
    }
]